{
  "test_single_conv.onnx": [
    0.1968671828508377,
    0.4281277358531952,
    0.4281277358531952,
    0.4281277358531952,
    0.4281277358531952,
    0.4281277358531952,
    0.4281277358531952,
    0.4281277358531952
  ],
  "test_conv_bn_relu.onnx": [
    0.0,
    0.0,
    0.0,
    0.0,
    0.0,
    0.0,
    0.0,
    0.0
  ],
  "test_two_conv.onnx": [
    0.2907651662826538,
    0.6605352759361267,
    0.6605352759361267,
    0.6605352759361267,
    0.6605352759361267,
    0.6605352759361267,
    0.6605352759361267,
    0.6605352759361267
  ],
  "test_global_avgpool_gemm.onnx": [
    -0.06987293064594269,
    -1.05869722366333,
    -0.27172228693962097,
    0.7569694519042969,
    0.49456340074539185,
    -0.4088600277900696,
    -0.15130098164081573,
    -0.45361703634262085
  ]
}